-- HelloKitto SQL Server Data Script
-- Generated: 2026-04-19
-- Date format: ISO 8601 (YYYY-MM-DD) — language-independent

-- KITTO_USERS
INSERT INTO KITTO_USERS (USER_NAME, PASSWORD_HASH, EMAIL_ADDRESS, MUST_CHANGE_PASSWORD, IS_ACTIVE) VALUES (N'administrator', N'baae429e0afb2aa9dac0a665abefdd8a', NULL, 0, 1);
INSERT INTO KITTO_USERS (USER_NAME, PASSWORD_HASH, EMAIL_ADDRESS, MUST_CHANGE_PASSWORD, IS_ACTIVE) VALUES (N'guest', N'password', N'email@domain.com', 0, 1);

-- HAIR
INSERT INTO HAIR (HAIR_ID, HAIR_COLOR) VALUES (N'1', N'Blond');
INSERT INTO HAIR (HAIR_ID, HAIR_COLOR) VALUES (N'2', N'Walnut');
INSERT INTO HAIR (HAIR_ID, HAIR_COLOR) VALUES (N'3', N'Black');
INSERT INTO HAIR (HAIR_ID, HAIR_COLOR) VALUES (N'4', N'Silver');
INSERT INTO HAIR (HAIR_ID, HAIR_COLOR) VALUES (N'5', N'Red');
INSERT INTO HAIR (HAIR_ID, HAIR_COLOR) VALUES (N'6', N'Platinum');

-- GIRL
INSERT INTO GIRL (GIRL_ID, GIRL_NAME, AGE, HAIR_ID, PHONE) VALUES (N'A', N'CHERRY', 13, N'5', N'+39021-3349695');
INSERT INTO GIRL (GIRL_ID, GIRL_NAME, AGE, HAIR_ID, PHONE) VALUES (N'B', N'LOUISE', 15, N'4', N'+39011-9387495');
INSERT INTO GIRL (GIRL_ID, GIRL_NAME, AGE, HAIR_ID, PHONE) VALUES (N'C', N'AMANDA', 14, N'3', N'+440331-66782176');
INSERT INTO GIRL (GIRL_ID, GIRL_NAME, AGE, HAIR_ID, PHONE) VALUES (N'D', N'SHIRLEY', 11, N'5', N'+42032-7652435');
INSERT INTO GIRL (GIRL_ID, GIRL_NAME, AGE, HAIR_ID, PHONE) VALUES (N'E', N'DEBBIE', 16, N'2', N'+3902-487364281');
INSERT INTO GIRL (GIRL_ID, GIRL_NAME, AGE, HAIR_ID, PHONE) VALUES (N'F', N'JENNIFER', 10, N'1', N'+39033-64538404');
INSERT INTO GIRL (GIRL_ID, GIRL_NAME, AGE, HAIR_ID, PHONE) VALUES (N'300E51B4BBB6EF4AA485551E5993D84F', N'JUDY', 11, N'3', N'234234234');
INSERT INTO GIRL (GIRL_ID, GIRL_NAME, AGE, HAIR_ID, PHONE) VALUES (N'FD5B538E93098142956A649AA0A45F8A', N'JESSICA', 12, N'3', N'123235345');

-- DOLL
INSERT INTO DOLL (DOLL_ID, DOLL_NAME, DATE_BOUGHT, HAIR_ID, DRESS_SIZE, MOM_ID, ASPECT) VALUES (N'0193347', N'SAMANTHA', '2000-01-01', N'5', N'S', N'E', N'Dirty');
INSERT INTO DOLL (DOLL_ID, DOLL_NAME, DATE_BOUGHT, HAIR_ID, DRESS_SIZE, MOM_ID, ASPECT) VALUES (N'2213', N'ANDREA', '2023-12-31', N'5', N'L', N'A', N'Angry');
INSERT INTO DOLL (DOLL_ID, DOLL_NAME, DATE_BOUGHT, HAIR_ID, DRESS_SIZE, MOM_ID, ASPECT) VALUES (N'3325', N'BILLIE', '2000-01-01', N'3', N'M', N'A', N'Messy');
INSERT INTO DOLL (DOLL_ID, DOLL_NAME, DATE_BOUGHT, HAIR_ID, DRESS_SIZE, MOM_ID, ASPECT) VALUES (N'47568', N'BONNIE', '2023-02-01', N'3', N'S', N'B', N'Smiling');
INSERT INTO DOLL (DOLL_ID, DOLL_NAME, DATE_BOUGHT, HAIR_ID, DRESS_SIZE, MOM_ID, ASPECT) VALUES (N'7676', N'DONNA', '2011-05-23', N'2', N'XL', N'D', N'Shiny');
INSERT INTO DOLL (DOLL_ID, DOLL_NAME, DATE_BOUGHT, HAIR_ID, DRESS_SIZE, MOM_ID, ASPECT) VALUES (N'985400', N'BRENDA', '2027-01-01', N'1', N'M', N'D', N'Curly');
INSERT INTO DOLL (DOLL_ID, DOLL_NAME, DATE_BOUGHT, HAIR_ID, DRESS_SIZE, MOM_ID, ASPECT) VALUES (N'7222ECD31ACD0743A656FF7081124409', N'PEGGY', '2026-04-08', N'2', N'S', N'A', N'Beautiful girl with accessories');
INSERT INTO DOLL (DOLL_ID, DOLL_NAME, DATE_BOUGHT, HAIR_ID, DRESS_SIZE, MOM_ID, ASPECT) VALUES (N'8895C4DE9216A243BB39A3B50970F02D', N'SIDNEY', '2020-02-12', N'1', N'S', N'C', NULL);

-- PARTY (2021-2027)
INSERT INTO PARTY (PARTY_ID, PARTY_NAME, PARTY_DATE, PARTY_TIME, ADDRESS) VALUES (N'ybyay', N'Halloween Party', '2021-10-31', '16:45:00', N'Paseo de Gracia, 101 - Barcelona');
INSERT INTO PARTY (PARTY_ID, PARTY_NAME, PARTY_DATE, PARTY_TIME, ADDRESS) VALUES (N'oius', N'Pinata Party', '2021-11-09', '20:00:00', N'Rue de Lausanne, 11 - Zurich');
INSERT INTO PARTY (PARTY_ID, PARTY_NAME, PARTY_DATE, PARTY_TIME, ADDRESS) VALUES (N'vndjs', N'Beach Party', '2021-11-13', '15:00:00', N'Wuthering Heights, 65 - Los Angeles');
INSERT INTO PARTY (PARTY_ID, PARTY_NAME, PARTY_DATE, PARTY_TIME, ADDRESS) VALUES (N'chdfhd', N'Splish Splash', '2021-12-02', '17:30:00', N'Via col Vento, 20 - Verona');
INSERT INTO PARTY (PARTY_ID, PARTY_NAME, PARTY_DATE, PARTY_TIME, ADDRESS) VALUES (N'p2022a', N'Carnival Dress Up', '2022-02-26', '20:00:00', N'Rainbow Boulevard, 12 - Candyland');
INSERT INTO PARTY (PARTY_ID, PARTY_NAME, PARTY_DATE, PARTY_TIME, ADDRESS) VALUES (N'p2022b', N'Summer Ice Cream', '2022-07-16', '18:00:00', N'Sunshine Beach, 5 - Miami');
INSERT INTO PARTY (PARTY_ID, PARTY_NAME, PARTY_DATE, PARTY_TIME, ADDRESS) VALUES (N'p2022c', N'Pumpkin Painting', '2022-10-01', '15:00:00', N'Maple Lane, 8 - Boston');
INSERT INTO PARTY (PARTY_ID, PARTY_NAME, PARTY_DATE, PARTY_TIME, ADDRESS) VALUES (N'p2023a', N'Confetti Countdown', '2023-01-01', '00:30:00', N'Starlight Avenue, 1 - Paris');
INSERT INTO PARTY (PARTY_ID, PARTY_NAME, PARTY_DATE, PARTY_TIME, ADDRESS) VALUES (N'p2023b', N'Butterfly Garden', '2023-04-15', '15:00:00', N'Daisy Meadow, 3 - London');
INSERT INTO PARTY (PARTY_ID, PARTY_NAME, PARTY_DATE, PARTY_TIME, ADDRESS) VALUES (N'p2023c', N'Fairy Dance', '2023-06-24', '21:00:00', N'Moonlight Park, 7 - Stockholm');
INSERT INTO PARTY (PARTY_ID, PARTY_NAME, PARTY_DATE, PARTY_TIME, ADDRESS) VALUES (N'p2023d', N'Gingerbread House', '2023-12-23', '15:00:00', N'Snowflake Street, 12 - Vienna');
INSERT INTO PARTY (PARTY_ID, PARTY_NAME, PARTY_DATE, PARTY_TIME, ADDRESS) VALUES (N'p2024a', N'Friendship Bracelets', '2024-02-14', '15:00:00', N'Heartland Plaza, 33 - Roma');
INSERT INTO PARTY (PARTY_ID, PARTY_NAME, PARTY_DATE, PARTY_TIME, ADDRESS) VALUES (N'p2024b', N'Bubble Blowing', '2024-06-08', '16:00:00', N'Cloud Garden, 10 - Singapore');
INSERT INTO PARTY (PARTY_ID, PARTY_NAME, PARTY_DATE, PARTY_TIME, ADDRESS) VALUES (N'p2024c', N'Treasure Hunt', '2024-09-21', '14:00:00', N'Golden Fields, 20 - California');
INSERT INTO PARTY (PARTY_ID, PARTY_NAME, PARTY_DATE, PARTY_TIME, ADDRESS) VALUES (N'p2024d', N'Glitter Ball', '2024-12-31', '18:00:00', N'Sparkle Square, 1 - New York');
INSERT INTO PARTY (PARTY_ID, PARTY_NAME, PARTY_DATE, PARTY_TIME, ADDRESS) VALUES (N'p2025a', N'Snowflake Tea Party', '2025-01-18', '15:00:00', N'Icicle Chalet, 5 - Chamonix');
INSERT INTO PARTY (PARTY_ID, PARTY_NAME, PARTY_DATE, PARTY_TIME, ADDRESS) VALUES (N'p2025b', N'Blossom Picnic', '2025-03-29', '11:00:00', N'Sakura Park, 3 - Tokyo');
INSERT INTO PARTY (PARTY_ID, PARTY_NAME, PARTY_DATE, PARTY_TIME, ADDRESS) VALUES (N'p2025c', N'Sandcastle Contest', '2025-08-15', '14:00:00', N'Seashell Bay, 100 - Rio');
INSERT INTO PARTY (PARTY_ID, PARTY_NAME, PARTY_DATE, PARTY_TIME, ADDRESS) VALUES (N'p2025d', N'Pajama Sleepover', '2025-11-27', '17:00:00', N'Cozy Lane, 50 - New York');
INSERT INTO PARTY (PARTY_ID, PARTY_NAME, PARTY_DATE, PARTY_TIME, ADDRESS) VALUES (N'p2026a', N'Tiara Brunch', '2026-01-06', '11:00:00', N'Princess Corso, 22 - Milano');
INSERT INTO PARTY (PARTY_ID, PARTY_NAME, PARTY_DATE, PARTY_TIME, ADDRESS) VALUES (N'p2026b', N'Egg Hunt Adventure', '2026-04-05', '10:00:00', N'Bunny Meadow, 1 - London');
INSERT INTO PARTY (PARTY_ID, PARTY_NAME, PARTY_DATE, PARTY_TIME, ADDRESS) VALUES (N'p2026c', N'Sparkler Parade', '2026-07-04', '18:00:00', N'Fireworks Mall, 1 - Washington DC');
INSERT INTO PARTY (PARTY_ID, PARTY_NAME, PARTY_DATE, PARTY_TIME, ADDRESS) VALUES (N'p2026d', N'Pony Ride Picnic', '2026-10-10', '14:30:00', N'Sunflower Hills, 15 - Toscana');
INSERT INTO PARTY (PARTY_ID, PARTY_NAME, PARTY_DATE, PARTY_TIME, ADDRESS) VALUES (N'p2026e', N'Cookie Decorating', '2026-12-20', '15:00:00', N'Candy Cane Platz, 3 - Berlin');
INSERT INTO PARTY (PARTY_ID, PARTY_NAME, PARTY_DATE, PARTY_TIME, ADDRESS) VALUES (N'aswdeo', N'Pool Party', '2027-12-10', '19:35:00', N'Raspberry Circle, 2 - Manchester');

-- INVITATION
INSERT INTO INVITATION (INVITATION_ID, PARTY_ID, INVITEE_ID, ACCEPTED) VALUES (N'04E63319002E824FA88F253F8F5A047D', N'oius', N'B', NULL);
INSERT INTO INVITATION (INVITATION_ID, PARTY_ID, INVITEE_ID, ACCEPTED) VALUES (N'B1FFE34266785740B0103CB0905F09E0', N'oius', N'C', 1);
INSERT INTO INVITATION (INVITATION_ID, PARTY_ID, INVITEE_ID, ACCEPTED) VALUES (N'8D128E7BD85DDE4DA3AA346BB31B3446', N'oius', N'D', 0);
INSERT INTO INVITATION (INVITATION_ID, PARTY_ID, INVITEE_ID, ACCEPTED) VALUES (N'0A0AFA46F5A9444882FEB3E0A5141315', N'oius', N'F', 1);
INSERT INTO INVITATION (INVITATION_ID, PARTY_ID, INVITEE_ID, ACCEPTED) VALUES (N'FBB2139ECCA47347AB6FA1CA54B16479', N'chdfhd', N'A', 1);
INSERT INTO INVITATION (INVITATION_ID, PARTY_ID, INVITEE_ID, ACCEPTED) VALUES (N'159366E5475BEF45B2A79B0582E40FB0', N'chdfhd', N'C', 1);
INSERT INTO INVITATION (INVITATION_ID, PARTY_ID, INVITEE_ID, ACCEPTED) VALUES (N'C85B63A5D2EAFB499874BB7599096FC6', N'aswdeo', N'A', 0);
INSERT INTO INVITATION (INVITATION_ID, PARTY_ID, INVITEE_ID, ACCEPTED) VALUES (N'8C1F4A548585DD45A692FE1BA8AD6B28', N'aswdeo', N'C', 1);
INSERT INTO INVITATION (INVITATION_ID, PARTY_ID, INVITEE_ID, ACCEPTED) VALUES (N'E49514A98AC99E49AB460F96E6649A07', N'aswdeo', N'E', 1);
INSERT INTO INVITATION (INVITATION_ID, PARTY_ID, INVITEE_ID, ACCEPTED) VALUES (N'D9623F742C876D4DB2E5A736F0A28FA1', N'aswdeo', N'300E51B4BBB6EF4AA485551E5993D84F', 1);
INSERT INTO INVITATION (INVITATION_ID, PARTY_ID, INVITEE_ID, ACCEPTED) VALUES (N'inv14', N'p2022a', N'A', 1);
INSERT INTO INVITATION (INVITATION_ID, PARTY_ID, INVITEE_ID, ACCEPTED) VALUES (N'inv15', N'p2022a', N'F', 1);
INSERT INTO INVITATION (INVITATION_ID, PARTY_ID, INVITEE_ID, ACCEPTED) VALUES (N'inv16', N'p2023a', N'B', 1);
INSERT INTO INVITATION (INVITATION_ID, PARTY_ID, INVITEE_ID, ACCEPTED) VALUES (N'inv17', N'p2023a', N'D', 1);
INSERT INTO INVITATION (INVITATION_ID, PARTY_ID, INVITEE_ID, ACCEPTED) VALUES (N'inv18', N'p2023a', N'E', 0);
INSERT INTO INVITATION (INVITATION_ID, PARTY_ID, INVITEE_ID, ACCEPTED) VALUES (N'inv19', N'p2024a', N'A', 1);
INSERT INTO INVITATION (INVITATION_ID, PARTY_ID, INVITEE_ID, ACCEPTED) VALUES (N'inv20', N'p2024a', N'C', 1);
INSERT INTO INVITATION (INVITATION_ID, PARTY_ID, INVITEE_ID, ACCEPTED) VALUES (N'inv21', N'p2025b', N'FD5B538E93098142956A649AA0A45F8A', 1);
INSERT INTO INVITATION (INVITATION_ID, PARTY_ID, INVITEE_ID, ACCEPTED) VALUES (N'inv22', N'p2025b', N'300E51B4BBB6EF4AA485551E5993D84F', 1);
INSERT INTO INVITATION (INVITATION_ID, PARTY_ID, INVITEE_ID, ACCEPTED) VALUES (N'inv23', N'p2025b', N'F', 0);
INSERT INTO INVITATION (INVITATION_ID, PARTY_ID, INVITEE_ID, ACCEPTED) VALUES (N'inv01', N'p2026b', N'A', 1);
INSERT INTO INVITATION (INVITATION_ID, PARTY_ID, INVITEE_ID, ACCEPTED) VALUES (N'inv02', N'p2026b', N'B', 1);
INSERT INTO INVITATION (INVITATION_ID, PARTY_ID, INVITEE_ID, ACCEPTED) VALUES (N'inv03', N'p2026b', N'C', 0);
INSERT INTO INVITATION (INVITATION_ID, PARTY_ID, INVITEE_ID, ACCEPTED) VALUES (N'inv04', N'p2026c', N'D', 1);
INSERT INTO INVITATION (INVITATION_ID, PARTY_ID, INVITEE_ID, ACCEPTED) VALUES (N'inv05', N'p2026c', N'E', 1);
INSERT INTO INVITATION (INVITATION_ID, PARTY_ID, INVITEE_ID, ACCEPTED) VALUES (N'inv06', N'p2026c', N'F', 0);
INSERT INTO INVITATION (INVITATION_ID, PARTY_ID, INVITEE_ID, ACCEPTED) VALUES (N'inv07', N'p2026d', N'A', 1);
INSERT INTO INVITATION (INVITATION_ID, PARTY_ID, INVITEE_ID, ACCEPTED) VALUES (N'inv08', N'p2026d', N'FD5B538E93098142956A649AA0A45F8A', 1);
INSERT INTO INVITATION (INVITATION_ID, PARTY_ID, INVITEE_ID, ACCEPTED) VALUES (N'inv09', N'p2026d', N'300E51B4BBB6EF4AA485551E5993D84F', 0);
INSERT INTO INVITATION (INVITATION_ID, PARTY_ID, INVITEE_ID, ACCEPTED) VALUES (N'inv10', N'p2026e', N'B', 1);
INSERT INTO INVITATION (INVITATION_ID, PARTY_ID, INVITEE_ID, ACCEPTED) VALUES (N'inv11', N'p2026e', N'C', 1);
INSERT INTO INVITATION (INVITATION_ID, PARTY_ID, INVITEE_ID, ACCEPTED) VALUES (N'inv12', N'p2026e', N'D', 1);
INSERT INTO INVITATION (INVITATION_ID, PARTY_ID, INVITEE_ID, ACCEPTED) VALUES (N'inv13', N'p2026e', N'E', 0);
INSERT INTO INVITATION (INVITATION_ID, PARTY_ID, INVITEE_ID, ACCEPTED) VALUES (N'66B3385A467E4645AD895E0EC501BE24', N'417A57AE51386F48A0AE52CFEE0E90D2', N'A', 1);
INSERT INTO INVITATION (INVITATION_ID, PARTY_ID, INVITEE_ID, ACCEPTED) VALUES (N'47BB934A7DFF0A4EAB8FC3361BC460AA', N'417A57AE51386F48A0AE52CFEE0E90D2', N'C', 1);
