-- HelloKitto Firebird Data Script
-- Generated: 2026-05-01 (mirrored from HelloKitto_SQLServer_Data.sql)
-- Date format: ISO 8601 (YYYY-MM-DD) — language-independent
-- Boolean columns (KITTO_USERS.IS_ACTIVE/.MUST_CHANGE_PASSWORD,
-- INVITATION.ACCEPTED) use TRUE/FALSE literals — native Firebird 3.0+ BOOLEAN.
-- Picture blob data is NOT included; pictures can be uploaded via the app.

-- KITTO_USERS
INSERT INTO KITTO_USERS (USER_NAME, PASSWORD_HASH, EMAIL_ADDRESS, MUST_CHANGE_PASSWORD, IS_ACTIVE) VALUES ('administrator', 'baae429e0afb2aa9dac0a665abefdd8a', NULL, FALSE, TRUE);
INSERT INTO KITTO_USERS (USER_NAME, PASSWORD_HASH, EMAIL_ADDRESS, MUST_CHANGE_PASSWORD, IS_ACTIVE) VALUES ('guest', 'password', 'email@domain.com', FALSE, TRUE);

-- HAIR
INSERT INTO HAIR (HAIR_ID, HAIR_COLOR) VALUES ('1', 'Blond');
INSERT INTO HAIR (HAIR_ID, HAIR_COLOR) VALUES ('2', 'Walnut');
INSERT INTO HAIR (HAIR_ID, HAIR_COLOR) VALUES ('3', 'Black');
INSERT INTO HAIR (HAIR_ID, HAIR_COLOR) VALUES ('4', 'Silver');
INSERT INTO HAIR (HAIR_ID, HAIR_COLOR) VALUES ('5', 'Red');
INSERT INTO HAIR (HAIR_ID, HAIR_COLOR) VALUES ('6', 'Platinum');

-- GIRL
INSERT INTO GIRL (GIRL_ID, GIRL_NAME, AGE, HAIR_ID, PHONE) VALUES ('A', 'CHERRY', 13, '5', ' 39021-3349695');
INSERT INTO GIRL (GIRL_ID, GIRL_NAME, AGE, HAIR_ID, PHONE) VALUES ('B', 'LOUISE', 15, '4', '+39011-9387495');
INSERT INTO GIRL (GIRL_ID, GIRL_NAME, AGE, HAIR_ID, PHONE) VALUES ('C', 'AMANDA', 14, '3', '+440331-66782176');
INSERT INTO GIRL (GIRL_ID, GIRL_NAME, AGE, HAIR_ID, PHONE) VALUES ('D', 'SHIRLEY', 11, '5', '+42032-7652435');
INSERT INTO GIRL (GIRL_ID, GIRL_NAME, AGE, HAIR_ID, PHONE) VALUES ('E', 'DEBBIE', 16, '2', '+3902-487364281');
INSERT INTO GIRL (GIRL_ID, GIRL_NAME, AGE, HAIR_ID, PHONE) VALUES ('F', 'JENNIFER', 10, '1', '+39033-64538404');
INSERT INTO GIRL (GIRL_ID, GIRL_NAME, AGE, HAIR_ID, PHONE) VALUES ('300E51B4BBB6EF4AA485551E5993D84F', 'JUDY', 11, '3', '234234234');
INSERT INTO GIRL (GIRL_ID, GIRL_NAME, AGE, HAIR_ID, PHONE) VALUES ('FD5B538E93098142956A649AA0A45F8A', 'JESSICA', 12, '3', '123235345');

-- DOLL
INSERT INTO DOLL (DOLL_ID, DOLL_NAME, DATE_BOUGHT, HAIR_ID, DRESS_SIZE, MOM_ID, ASPECT) VALUES ('0193347', 'SAMANTHA', '2000-01-01', '5', 'S', 'E', 'Dirty');
INSERT INTO DOLL (DOLL_ID, DOLL_NAME, DATE_BOUGHT, HAIR_ID, DRESS_SIZE, MOM_ID, ASPECT) VALUES ('2213', 'ANDREA', '2023-12-31', '5', 'L', 'A', 'Angryàèiòù');
INSERT INTO DOLL (DOLL_ID, DOLL_NAME, DATE_BOUGHT, HAIR_ID, DRESS_SIZE, MOM_ID, ASPECT) VALUES ('3325', 'BILLIE', '2000-01-01', '3', 'M', 'A', 'Messy');
INSERT INTO DOLL (DOLL_ID, DOLL_NAME, DATE_BOUGHT, HAIR_ID, DRESS_SIZE, MOM_ID, ASPECT) VALUES ('47568', 'BONNIE', '2023-02-01', '3', 'S', 'B', 'Smiling');
INSERT INTO DOLL (DOLL_ID, DOLL_NAME, DATE_BOUGHT, HAIR_ID, DRESS_SIZE, MOM_ID, ASPECT) VALUES ('7222ECD31ACD0743A656FF7081124409', 'PEGGY', '2026-04-08', '2', 'S', 'A', 'Beatiful Girl with accessories');
INSERT INTO DOLL (DOLL_ID, DOLL_NAME, DATE_BOUGHT, HAIR_ID, DRESS_SIZE, MOM_ID, ASPECT) VALUES ('7676', 'DONNA', '2011-05-23', '2', 'XL', 'D', 'Shiny');
INSERT INTO DOLL (DOLL_ID, DOLL_NAME, DATE_BOUGHT, HAIR_ID, DRESS_SIZE, MOM_ID, ASPECT) VALUES ('8895C4DE9216A243BB39A3B50970F02D', 'SIDNEY', '2020-02-12', '1', 'S', 'C', NULL);
INSERT INTO DOLL (DOLL_ID, DOLL_NAME, DATE_BOUGHT, HAIR_ID, DRESS_SIZE, MOM_ID, ASPECT) VALUES ('985400', 'BRENDA', '2027-01-01', '1', 'M', 'D', 'Curly');

-- PARTY
INSERT INTO PARTY (PARTY_ID, PARTY_NAME, PARTY_DATE, PARTY_TIME, ADDRESS) VALUES ('ybyay', 'Halloween Party', '2021-10-31', '16:45:00', 'Paseo de Gracia, 101 - Barcelona');
INSERT INTO PARTY (PARTY_ID, PARTY_NAME, PARTY_DATE, PARTY_TIME, ADDRESS) VALUES ('oius', 'Pinata Party', '2021-11-09', '20:00:00', 'Rue de Lausanne, 11 - Zurich');
INSERT INTO PARTY (PARTY_ID, PARTY_NAME, PARTY_DATE, PARTY_TIME, ADDRESS) VALUES ('vndjs', 'Beach Party', '2021-11-13', '15:00:00', 'Wuthering Heights, 65 - Los Angeles');
INSERT INTO PARTY (PARTY_ID, PARTY_NAME, PARTY_DATE, PARTY_TIME, ADDRESS) VALUES ('chdfhd', 'Splish Splash', '2021-12-02', '17:30:00', 'Via col Vento, 20 - Verona');
INSERT INTO PARTY (PARTY_ID, PARTY_NAME, PARTY_DATE, PARTY_TIME, ADDRESS) VALUES ('p2022a', 'Carnival Dress Up', '2022-02-26', '20:00:00', 'Rainbow Boulevard, 12 - Candyland');
INSERT INTO PARTY (PARTY_ID, PARTY_NAME, PARTY_DATE, PARTY_TIME, ADDRESS) VALUES ('p2022b', 'Summer Ice Cream', '2022-07-16', '18:00:00', 'Sunshine Beach, 5 - Miami');
INSERT INTO PARTY (PARTY_ID, PARTY_NAME, PARTY_DATE, PARTY_TIME, ADDRESS) VALUES ('p2022c', 'Pumpkin Painting', '2022-10-01', '15:00:00', 'Maple Lane, 8 - Boston');
INSERT INTO PARTY (PARTY_ID, PARTY_NAME, PARTY_DATE, PARTY_TIME, ADDRESS) VALUES ('p2023a', 'Confetti Countdown', '2023-01-01', '00:30:00', 'Starlight Avenue, 1 - Paris');
INSERT INTO PARTY (PARTY_ID, PARTY_NAME, PARTY_DATE, PARTY_TIME, ADDRESS) VALUES ('p2023b', 'Butterfly Garden', '2023-04-15', '15:00:00', 'Daisy Meadow, 3 - London');
INSERT INTO PARTY (PARTY_ID, PARTY_NAME, PARTY_DATE, PARTY_TIME, ADDRESS) VALUES ('p2023c', 'Fairy Dance', '2023-06-24', '21:00:00', 'Moonlight Park, 7 - Stockholm');
INSERT INTO PARTY (PARTY_ID, PARTY_NAME, PARTY_DATE, PARTY_TIME, ADDRESS) VALUES ('p2023d', 'Gingerbread House', '2023-12-23', '15:00:00', 'Snowflake Street, 12 - Vienna');
INSERT INTO PARTY (PARTY_ID, PARTY_NAME, PARTY_DATE, PARTY_TIME, ADDRESS) VALUES ('p2024a', 'Friendship Bracelets', '2024-02-14', '15:00:00', 'Heartland Plaza, 33 - Roma');
INSERT INTO PARTY (PARTY_ID, PARTY_NAME, PARTY_DATE, PARTY_TIME, ADDRESS) VALUES ('p2024b', 'Bubble Blowing', '2024-06-08', '16:00:00', 'Cloud Garden, 10 - Singapore');
INSERT INTO PARTY (PARTY_ID, PARTY_NAME, PARTY_DATE, PARTY_TIME, ADDRESS) VALUES ('p2024c', 'Treasure Hunt', '2024-09-21', '14:00:00', 'Golden Fields, 20 - California');
INSERT INTO PARTY (PARTY_ID, PARTY_NAME, PARTY_DATE, PARTY_TIME, ADDRESS) VALUES ('p2024d', 'Glitter Ball', '2024-12-31', '18:00:00', 'Sparkle Square, 1 - New York');
INSERT INTO PARTY (PARTY_ID, PARTY_NAME, PARTY_DATE, PARTY_TIME, ADDRESS) VALUES ('p2025a', 'Snowflake Tea Party', '2025-01-18', '15:00:00', 'Icicle Chalet, 5 - Chamonix');
INSERT INTO PARTY (PARTY_ID, PARTY_NAME, PARTY_DATE, PARTY_TIME, ADDRESS) VALUES ('p2025b', 'Blossom Picnic', '2025-03-29', '11:00:00', 'Sakura Park, 3 - Tokyo');
INSERT INTO PARTY (PARTY_ID, PARTY_NAME, PARTY_DATE, PARTY_TIME, ADDRESS) VALUES ('p2025c', 'Sandcastle Contest', '2025-08-15', '14:00:00', 'Seashell Bay, 100 - Rio');
INSERT INTO PARTY (PARTY_ID, PARTY_NAME, PARTY_DATE, PARTY_TIME, ADDRESS) VALUES ('p2025d', 'Pajama Sleepover', '2025-11-27', '17:00:00', 'Cozy Lane, 50 - New York');
INSERT INTO PARTY (PARTY_ID, PARTY_NAME, PARTY_DATE, PARTY_TIME, ADDRESS) VALUES ('p2026a', 'Tiara Brunch', '2026-01-06', '11:00:00', 'Princess Corso, 22 - Milano');
INSERT INTO PARTY (PARTY_ID, PARTY_NAME, PARTY_DATE, PARTY_TIME, ADDRESS) VALUES ('417A57AE51386F48A0AE52CFEE0E90D2', 'test KittoX', '2026-04-02', '10:10:00', 'Rue de la muerte');
INSERT INTO PARTY (PARTY_ID, PARTY_NAME, PARTY_DATE, PARTY_TIME, ADDRESS) VALUES ('p2026b', 'Egg Hunt Adventure', '2026-04-05', '10:00:00', 'Bunny Meadow, 1 - London');
INSERT INTO PARTY (PARTY_ID, PARTY_NAME, PARTY_DATE, PARTY_TIME, ADDRESS) VALUES ('p2026c', 'Sparkler Parade', '2026-07-04', '18:00:00', 'Fireworks Mall, 1 - Washington DC');
INSERT INTO PARTY (PARTY_ID, PARTY_NAME, PARTY_DATE, PARTY_TIME, ADDRESS) VALUES ('p2026d', 'Pony Ride Picnic', '2026-10-10', '14:30:00', 'Sunflower Hills, 15 - Toscana');
INSERT INTO PARTY (PARTY_ID, PARTY_NAME, PARTY_DATE, PARTY_TIME, ADDRESS) VALUES ('p2026e', 'Cookie Decorating', '2026-12-20', '15:00:00', 'Candy Cane Platz, 3 - Berlin');
INSERT INTO PARTY (PARTY_ID, PARTY_NAME, PARTY_DATE, PARTY_TIME, ADDRESS) VALUES ('aswdeo', 'Pool Party', '2027-12-10', '19:35:00', 'Raspberry Circle, 2 - Manchester');

-- INVITATION
INSERT INTO INVITATION (INVITATION_ID, PARTY_ID, INVITEE_ID, ACCEPTED) VALUES ('47BB934A7DFF0A4EAB8FC3361BC460AA', '417A57AE51386F48A0AE52CFEE0E90D2', 'C', TRUE);
INSERT INTO INVITATION (INVITATION_ID, PARTY_ID, INVITEE_ID, ACCEPTED) VALUES ('66B3385A467E4645AD895E0EC501BE24', '417A57AE51386F48A0AE52CFEE0E90D2', 'A', TRUE);
INSERT INTO INVITATION (INVITATION_ID, PARTY_ID, INVITEE_ID, ACCEPTED) VALUES ('8C1F4A548585DD45A692FE1BA8AD6B28', 'aswdeo', 'C', TRUE);
INSERT INTO INVITATION (INVITATION_ID, PARTY_ID, INVITEE_ID, ACCEPTED) VALUES ('C85B63A5D2EAFB499874BB7599096FC6', 'aswdeo', 'A', FALSE);
INSERT INTO INVITATION (INVITATION_ID, PARTY_ID, INVITEE_ID, ACCEPTED) VALUES ('D9623F742C876D4DB2E5A736F0A28FA1', 'aswdeo', '300E51B4BBB6EF4AA485551E5993D84F', TRUE);
INSERT INTO INVITATION (INVITATION_ID, PARTY_ID, INVITEE_ID, ACCEPTED) VALUES ('E49514A98AC99E49AB460F96E6649A07', 'aswdeo', 'E', TRUE);
INSERT INTO INVITATION (INVITATION_ID, PARTY_ID, INVITEE_ID, ACCEPTED) VALUES ('159366E5475BEF45B2A79B0582E40FB0', 'chdfhd', 'C', TRUE);
INSERT INTO INVITATION (INVITATION_ID, PARTY_ID, INVITEE_ID, ACCEPTED) VALUES ('FBB2139ECCA47347AB6FA1CA54B16479', 'chdfhd', 'A', TRUE);
INSERT INTO INVITATION (INVITATION_ID, PARTY_ID, INVITEE_ID, ACCEPTED) VALUES ('04E63319002E824FA88F253F8F5A047D', 'oius', 'B', NULL);
INSERT INTO INVITATION (INVITATION_ID, PARTY_ID, INVITEE_ID, ACCEPTED) VALUES ('0A0AFA46F5A9444882FEB3E0A5141315', 'oius', 'F', TRUE);
INSERT INTO INVITATION (INVITATION_ID, PARTY_ID, INVITEE_ID, ACCEPTED) VALUES ('8D128E7BD85DDE4DA3AA346BB31B3446', 'oius', 'D', FALSE);
INSERT INTO INVITATION (INVITATION_ID, PARTY_ID, INVITEE_ID, ACCEPTED) VALUES ('B1FFE34266785740B0103CB0905F09E0', 'oius', 'C', TRUE);
INSERT INTO INVITATION (INVITATION_ID, PARTY_ID, INVITEE_ID, ACCEPTED) VALUES ('inv14', 'p2022a', 'A', TRUE);
INSERT INTO INVITATION (INVITATION_ID, PARTY_ID, INVITEE_ID, ACCEPTED) VALUES ('inv15', 'p2022a', 'F', TRUE);
INSERT INTO INVITATION (INVITATION_ID, PARTY_ID, INVITEE_ID, ACCEPTED) VALUES ('inv16', 'p2023a', 'B', TRUE);
INSERT INTO INVITATION (INVITATION_ID, PARTY_ID, INVITEE_ID, ACCEPTED) VALUES ('inv17', 'p2023a', 'D', TRUE);
INSERT INTO INVITATION (INVITATION_ID, PARTY_ID, INVITEE_ID, ACCEPTED) VALUES ('inv18', 'p2023a', 'E', FALSE);
INSERT INTO INVITATION (INVITATION_ID, PARTY_ID, INVITEE_ID, ACCEPTED) VALUES ('inv19', 'p2024a', 'A', TRUE);
INSERT INTO INVITATION (INVITATION_ID, PARTY_ID, INVITEE_ID, ACCEPTED) VALUES ('inv20', 'p2024a', 'C', TRUE);
INSERT INTO INVITATION (INVITATION_ID, PARTY_ID, INVITEE_ID, ACCEPTED) VALUES ('inv21', 'p2025b', 'FD5B538E93098142956A649AA0A45F8A', TRUE);
INSERT INTO INVITATION (INVITATION_ID, PARTY_ID, INVITEE_ID, ACCEPTED) VALUES ('inv22', 'p2025b', '300E51B4BBB6EF4AA485551E5993D84F', TRUE);
INSERT INTO INVITATION (INVITATION_ID, PARTY_ID, INVITEE_ID, ACCEPTED) VALUES ('inv23', 'p2025b', 'F', FALSE);
INSERT INTO INVITATION (INVITATION_ID, PARTY_ID, INVITEE_ID, ACCEPTED) VALUES ('inv01', 'p2026b', 'A', TRUE);
INSERT INTO INVITATION (INVITATION_ID, PARTY_ID, INVITEE_ID, ACCEPTED) VALUES ('inv02', 'p2026b', 'B', TRUE);
INSERT INTO INVITATION (INVITATION_ID, PARTY_ID, INVITEE_ID, ACCEPTED) VALUES ('inv03', 'p2026b', 'C', FALSE);
INSERT INTO INVITATION (INVITATION_ID, PARTY_ID, INVITEE_ID, ACCEPTED) VALUES ('inv04', 'p2026c', 'D', TRUE);
INSERT INTO INVITATION (INVITATION_ID, PARTY_ID, INVITEE_ID, ACCEPTED) VALUES ('inv05', 'p2026c', 'E', TRUE);
INSERT INTO INVITATION (INVITATION_ID, PARTY_ID, INVITEE_ID, ACCEPTED) VALUES ('inv06', 'p2026c', 'F', FALSE);
INSERT INTO INVITATION (INVITATION_ID, PARTY_ID, INVITEE_ID, ACCEPTED) VALUES ('inv07', 'p2026d', 'A', TRUE);
INSERT INTO INVITATION (INVITATION_ID, PARTY_ID, INVITEE_ID, ACCEPTED) VALUES ('inv08', 'p2026d', 'FD5B538E93098142956A649AA0A45F8A', TRUE);
INSERT INTO INVITATION (INVITATION_ID, PARTY_ID, INVITEE_ID, ACCEPTED) VALUES ('inv09', 'p2026d', '300E51B4BBB6EF4AA485551E5993D84F', FALSE);
INSERT INTO INVITATION (INVITATION_ID, PARTY_ID, INVITEE_ID, ACCEPTED) VALUES ('inv10', 'p2026e', 'B', TRUE);
INSERT INTO INVITATION (INVITATION_ID, PARTY_ID, INVITEE_ID, ACCEPTED) VALUES ('inv11', 'p2026e', 'C', TRUE);
INSERT INTO INVITATION (INVITATION_ID, PARTY_ID, INVITEE_ID, ACCEPTED) VALUES ('inv12', 'p2026e', 'D', TRUE);
INSERT INTO INVITATION (INVITATION_ID, PARTY_ID, INVITEE_ID, ACCEPTED) VALUES ('inv13', 'p2026e', 'E', FALSE);
